{
    "route1": {
        "name": "ルート1: 東京観光",
        "spots": [
            [139.6917, 35.6895], 
            [139.7020, 35.6734],  
            [139.7516, 35.6586]  
        ]
    },
    "route2": {
        "name": "ルート2: 大阪観光",
        "spots": [
            [135.5022, 34.6937], 
            [135.4970, 34.6694],  
            [135.5200, 34.6873]   
        ]
    },
    "route3": {
        "name": "ルート3: 京都観光",
        "spots": [
            [135.7681, 35.0116],  
            [135.7750, 35.0094], 
            [135.7812, 35.0210] 
        ]
    }
}